time(ms),angle_x(deg),angle_y(deg),angle_z(deg),acc_x(g),acc_y(g),acc_z(g),motor_pos
67,-0.82,-3.86,-122.87,-0.0144,-0.0671,-0.9964,-1
130,-0.82,-3.86,-122.87,-0.0144,-0.0671,-0.9962,1
194,-0.82,-3.86,-122.87,-0.0143,-0.0672,-0.996,-1
258,-0.82,-3.86,-122.87,-0.0144,-0.0672,-0.9963,0
322,-0.82,-3.86,-122.87,-0.0145,-0.0671,-0.9963,0
386,-0.82,-3.86,-122.87,-0.0145,-0.0671,-0.9962,-1
450,-0.83,-3.86,-122.87,-0.0142,-0.0672,-0.9961,1
514,-0.82,-3.86,-122.87,-0.0142,-0.0671,-0.9962,-1
578,-0.82,-3.86,-122.87,-0.0145,-0.0673,-0.9965,-1
642,-0.83,-3.86,-122.87,-0.0144,-0.0674,-0.9964,1
705,-0.82,-3.86,-122.87,-0.0142,-0.0672,-0.9963,-1
769,-0.82,-3.86,-122.87,-0.0142,-0.0671,-0.9963,1
833,-0.82,-3.86,-122.87,-0.0143,-0.0672,-0.9963,0
897,-0.82,-3.86,-122.87,-0.014,-0.0671,-0.9963,-1
961,-0.82,-3.86,-122.87,-0.0142,-0.0672,-0.9965,1
1025,-0.82,-3.86,-122.87,-0.0146,-0.0672,-0.9967,-1
1089,-0.82,-3.86,-122.87,-0.0145,-0.0672,-0.9965,1
1153,-0.82,-3.86,-122.87,-0.0142,-0.0671,-0.9962,0
1217,-0.82,-3.86,-122.87,-0.0141,-0.0672,-0.9964,-1
1281,-0.82,-3.86,-122.87,-0.0143,-0.0672,-0.9964,1
1345,-0.82,-3.86,-122.87,-0.0145,-0.0672,-0.9963,-1
1409,-0.82,-3.86,-122.87,-0.0142,-0.0672,-0.9964,0
1472,-0.82,-3.86,-122.87,-0.0142,-0.0672,-0.9963,0
1536,-0.82,-3.86,-122.87,-0.0144,-0.0673,-0.9963,-1
1600,-0.82,-3.86,-122.87,-0.0143,-0.0673,-0.9963,1
1664,-0.82,-3.86,-122.87,-0.0142,-0.0671,-0.9962,-1
1728,-0.82,-3.86,-122.87,-0.0142,-0.0672,-0.9962,0
1792,-0.82,-3.86,-122.87,-0.0143,-0.0672,-0.9962,1
1856,-0.82,-3.86,-122.87,-0.0145,-0.0671,-0.9965,-1
1920,-0.82,-3.86,-122.87,-0.0143,-0.0672,-0.9966,1
1984,-0.82,-3.86,-122.87,-0.0141,-0.0672,-0.9964,-1
2048,-0.82,-3.86,-122.87,-0.0143,-0.0671,-0.9964,-1
2112,-0.82,-3.86,-122.87,-0.0143,-0.0673,-0.9963,1
2175,-0.82,-3.86,-122.87,-0.0143,-0.0672,-0.9963,-1
2239,-0.82,-3.86,-122.87,-0.0143,-0.0672,-0.9963,1
2303,-0.82,-3.86,-122.87,-0.0144,-0.0673,-0.9963,0
2367,-0.82,-3.86,-122.87,-0.0143,-0.0672,-0.9962,-1
2431,-0.82,-3.86,-122.87,-0.0141,-0.0671,-0.9961,1
2495,-0.82,-3.86,-122.87,-0.0141,-0.0671,-0.9963,-1
2559,-0.82,-3.86,-122.87,-0.0142,-0.0671,-0.9965,0
2623,-0.82,-3.86,-122.87,-0.0144,-0.0672,-0.9964,0
2687,-0.82,-3.86,-122.87,-0.0142,-0.0672,-0.9962,-1
2751,-0.82,-3.86,-122.87,-0.0141,-0.0672,-0.9962,1
2815,-0.81,-3.86,-122.87,-0.0143,-0.0673,-0.9963,-1
2879,-0.82,-3.86,-122.87,-0.0144,-0.0673,-0.9965,0
2942,-0.82,-3.86,-122.87,-0.0143,-0.0672,-0.9968,0
3006,-0.82,-3.86,-122.87,-0.0143,-0.0673,-0.9966,-1
3070,-0.82,-3.86,-122.87,-0.0144,-0.0672,-0.9964,1
3134,-0.82,-3.86,-122.87,-0.0144,-0.0672,-0.9964,-1
3198,-0.82,-3.86,-122.87,-0.0141,-0.0672,-0.9965,0
3262,-0.82,-3.86,-122.87,-0.014,-0.0671,-0.9964,1
3326,-0.82,-3.86,-122.87,-0.0144,-0.0672,-0.9962,26
3390,-0.83,-3.86,-122.87,-0.0182,-0.0671,-0.9964,583
3454,-0.9,-3.86,-122.87,-0.0276,-0.067,-0.9966,1893
3518,-1.04,-3.85,-122.87,-0.0328,-0.067,-0.9965,4029
3582,-1.19,-3.85,-122.87,-0.0331,-0.067,-0.9964,6981
3646,-1.35,-3.85,-122.87,-0.034,-0.0671,-0.9965,10691
3710,-1.51,-3.85,-122.87,-0.0351,-0.0671,-0.9966,15247
3773,-1.68,-3.85,-122.87,-0.0354,-0.067,-0.9965,20651
3837,-1.84,-3.85,-122.87,-0.0349,-0.0672,-0.9965,26828
3901,-1.94,-3.85,-122.87,-0.0342,-0.0672,-0.9966,33852
3965,-1.96,-3.85,-122.87,-0.0339,-0.0672,-0.9966,41667
4029,-1.97,-3.85,-122.87,-0.0349,-0.0672,-0.9965,50332
4093,-1.99,-3.85,-122.87,-0.0349,-0.0671,-0.9962,59815
4157,-1.99,-3.85,-122.87,-0.0338,-0.0671,-0.9958,70098
4221,-1.98,-3.85,-122.87,-0.0341,-0.0671,-0.996,81191
4285,-1.97,-3.85,-122.87,-0.0337,-0.0671,-0.9964,93092
4348,-1.97,-3.85,-122.87,-0.0358,-0.0671,-0.9966,105798
4412,-1.99,-3.85,-122.87,-0.0368,-0.0671,-0.9966,119378
4476,-2,-3.85,-122.87,-0.0355,-0.0671,-0.9966,133722
4540,-2.01,-3.85,-122.87,-0.0363,-0.0671,-0.9965,148961
4604,-2.02,-3.85,-122.87,-0.0351,-0.067,-0.9964,164956
4668,-2.02,-3.85,-122.87,-0.0341,-0.067,-0.9965,181785
4732,-2.03,-3.85,-122.87,-0.0355,-0.067,-0.9966,199376
4796,-2.04,-3.85,-122.87,-0.0351,-0.0669,-0.9966,217849
4860,-2.03,-3.85,-122.87,-0.035,-0.067,-0.9965,237129
4924,-2.02,-3.85,-122.87,-0.0355,-0.067,-0.9963,257219
4988,-2.02,-3.85,-122.87,-0.0346,-0.0669,-0.9962,278133
5052,-2.01,-3.85,-122.87,-0.0354,-0.067,-0.9963,299842
5115,-2.01,-3.85,-122.87,-0.0343,-0.0669,-0.9962,322433
5179,-2,-3.85,-122.87,-0.0338,-0.067,-0.9961,345756
5243,-2,-3.85,-122.87,-0.0361,-0.067,-0.9963,369963
5307,-2,-3.85,-122.86,-0.0362,-0.0669,-0.9963,394836
5371,-2,-3.85,-122.86,-0.0342,-0.0669,-0.9964,420316
5435,-2,-3.85,-122.86,-0.0254,-0.067,-0.9964,445969
5499,-2,-3.84,-122.86,-0.0159,-0.0671,-0.9964,471530
5563,-2,-3.84,-122.87,-0.0133,-0.0672,-0.9963,497033
5627,-2,-3.84,-122.87,-0.0147,-0.0671,-0.9964,522642
5691,-1.99,-3.84,-122.87,-0.0153,-0.0671,-0.9964,548257
5755,-1.99,-3.84,-122.87,-0.0147,-0.0671,-0.9964,573763
5819,-1.99,-3.84,-122.87,-0.0143,-0.067,-0.9966,599398
5882,-1.99,-3.84,-122.87,-0.0132,-0.067,-0.9963,624974
5946,-1.99,-3.84,-122.87,-0.0128,-0.0671,-0.9963,650533
6010,-0.81,-3.85,-122.87,-0.0144,-0.067,-0.9962,676133
6074,-0.82,-3.85,-122.87,-0.0165,-0.0669,-0.9964,701636
6138,-0.83,-3.85,-122.87,-0.0172,-0.0668,-0.9964,727283
6202,-0.83,-3.84,-122.87,-0.0154,-0.0669,-0.9963,752858
6266,-0.83,-3.84,-122.87,-0.0127,-0.067,-0.9962,778467
6330,-0.83,-3.84,-122.87,-0.0104,-0.0669,-0.9961,803848
6394,-0.82,-3.84,-122.87,-0.0076,-0.0668,-0.9961,828814
6458,-0.72,-3.84,-122.87,-0.0018,-0.0668,-0.9963,853036
6522,-0.58,-3.84,-122.87,0.0045,-0.0667,-0.9964,876416
6586,-0.4,-3.84,-122.87,0.0058,-0.0667,-0.9965,899017
6649,-0.28,-3.84,-122.87,0.0053,-0.0667,-0.9965,920834
6713,-0.28,-3.83,-122.87,0.0058,-0.0665,-0.9965,941807
6777,-0.27,-3.83,-122.87,0.0063,-0.0664,-0.9964,961872
6841,-0.27,-3.83,-122.87,0.0059,-0.0664,-0.9964,981215
6905,-0.27,-3.82,-122.87,0.0059,-0.0664,-0.9966,999666
6969,-0.27,-3.82,-122.87,0.0062,-0.0664,-0.9966,1017403
7033,-0.26,-3.82,-122.87,0.0067,-0.0663,-0.9966,1034228
7097,-0.26,-3.82,-122.87,0.0059,-0.0664,-0.9966,1050308
7161,-0.26,-3.82,-122.86,0.0062,-0.0664,-0.9966,1065496
7225,-0.26,-3.82,-122.86,0.0068,-0.0663,-0.9966,1079909
7289,-0.26,-3.82,-122.86,0.0057,-0.0663,-0.9964,1093505
7352,-0.26,-3.82,-122.86,0.0035,-0.0662,-0.9965,1106304
7417,0.34,-3.81,-122.86,0.0028,-0.0662,-0.9966,1118251
7480,0.34,-3.81,-122.86,0.0057,-0.0663,-0.9962,1129425
7544,0.34,-3.81,-122.86,0.0072,-0.0663,-0.9958,1139699
7608,0.34,-3.81,-122.86,0.0064,-0.0662,-0.9958,1149210
7672,0.34,-3.81,-122.86,0.0063,-0.0662,-0.9961,1157890
7736,0.31,-3.8,-122.86,0.0064,-0.0662,-0.9962,1165777
7800,0.32,-3.8,-122.86,0.0064,-0.0663,-0.9961,1172839
7864,0.35,-3.8,-122.86,0.0064,-0.0662,-0.9966,1179094
7928,0.37,-3.8,-122.86,0.0064,-0.0662,-0.9968,1184490
7992,0.36,-3.8,-122.86,0.0063,-0.0662,-0.9967,1189104
8056,0.36,-3.8,-122.86,0.0065,-0.0662,-0.9965,1192897
8119,0.37,-3.8,-122.86,0.0073,-0.0662,-0.9962,1195870
8183,0.38,-3.8,-122.86,0.0071,-0.0662,-0.9957,1198011
8247,0.38,-3.8,-122.86,0.0071,-0.0662,-0.9956,1199363
8311,0.39,-3.8,-122.86,0.0068,-0.0662,-0.9958,1199904
8375,0.38,-3.8,-122.86,0.004,-0.0662,-0.9961,1199998
8439,0.34,-3.8,-122.86,-0.0033,-0.0661,-0.996,1200002
8503,0.23,-3.8,-122.86,-0.0105,-0.0661,-0.9962,1200002
8567,0.06,-3.8,-122.86,-0.0135,-0.0661,-0.9964,1200002
8631,-0.1,-3.8,-122.86,-0.0139,-0.0661,-0.9965,1200000
8695,-0.27,-3.8,-122.86,-0.0136,-0.0661,-0.9964,1200001
8759,-0.44,-3.8,-122.86,-0.0135,-0.066,-0.9961,1200000
8822,-0.59,-3.8,-122.86,-0.0135,-0.0661,-0.996,1200000
8886,-0.71,-3.8,-122.86,-0.0136,-0.0661,-0.9961,1200001
8950,-0.77,-3.8,-122.86,-0.0137,-0.0661,-0.996,1200000
9014,-0.78,-3.8,-122.86,-0.0135,-0.0661,-0.9958,1200000
9078,-0.78,-3.8,-122.86,-0.0134,-0.0661,-0.9953,1200000
9142,-0.78,-3.8,-122.86,-0.0135,-0.0661,-0.9959,1199999
9206,-0.78,-3.8,-122.86,-0.0136,-0.0661,-0.9967,1200000
9270,-0.78,-3.8,-122.86,-0.0137,-0.066,-0.9969,1199999
9334,-0.78,-3.8,-122.86,-0.0136,-0.0661,-0.9965,1200000
9398,-0.78,-3.8,-122.86,-0.0136,-0.0661,-0.9964,1200000
9462,-0.78,-3.79,-122.86,-0.0135,-0.0661,-0.9963,1199999
9526,-0.78,-3.79,-122.86,-0.0133,-0.0661,-0.996,1200001
9589,-0.78,-3.79,-122.86,-0.0135,-0.0661,-0.9962,1200000
9653,-0.78,-3.79,-122.86,-0.0135,-0.0661,-0.996,1200000
9717,-0.78,-3.8,-122.86,-0.0133,-0.0661,-0.9958,1200000
9781,-0.77,-3.8,-122.86,-0.0135,-0.0661,-0.9958,1199999
9845,-0.77,-3.8,-122.86,-0.0137,-0.0661,-0.9963,1200001
9909,-0.77,-3.8,-122.86,-0.0137,-0.0661,-0.9968,1200000
9973,-0.78,-3.79,-122.86,-0.0137,-0.0661,-0.9968,1200000
10037,-0.78,-3.79,-122.86,-0.0137,-0.0661,-0.9966,1200001
10101,-0.78,-3.79,-122.86,-0.0139,-0.0661,-0.9966,1200000
10165,-0.78,-3.79,-122.86,-0.0138,-0.066,-0.9966,1200000
10229,-0.79,-3.79,-122.86,-0.0136,-0.066,-0.9966,1200000
10292,-0.79,-3.79,-122.86,-0.0136,-0.066,-0.9967,1200000
10356,-0.79,-3.79,-122.86,-0.0136,-0.0661,-0.9964,1200001
10420,-0.79,-3.79,-122.86,-0.0136,-0.0661,-0.996,1200000
10484,-0.79,-3.79,-122.86,-0.0136,-0.0661,-0.996,1200000
10548,-0.78,-3.79,-122.86,-0.0134,-0.0661,-0.9961,1200000
10612,-0.78,-3.8,-122.86,-0.0137,-0.0661,-0.9964,1200000
10676,-0.78,-3.8,-122.86,-0.0137,-0.0661,-0.9961,1200001
10740,-0.78,-3.8,-122.86,-0.0136,-0.0661,-0.996,1200000
10804,-0.78,-3.8,-122.86,-0.0135,-0.066,-0.9959,1200000
10868,-0.78,-3.8,-122.86,-0.0134,-0.0661,-0.9965,1200000
10932,-0.78,-3.8,-122.86,-0.0136,-0.0661,-0.9971,1199999
10996,-0.78,-3.79,-122.86,-0.0138,-0.066,-0.9968,1200000
11059,-0.78,-3.79,-122.86,-0.0138,-0.066,-0.9964,1200000
11123,-0.78,-3.79,-122.86,-0.0136,-0.066,-0.9962,1200000
11187,-0.78,-3.79,-122.86,-0.0137,-0.0661,-0.9964,1200000
11251,-0.78,-3.79,-122.86,-0.0138,-0.0661,-0.9971,1199999
11315,-0.79,-3.79,-122.86,-0.0137,-0.0661,-0.9971,1200001
11379,-0.79,-3.79,-122.86,-0.0134,-0.0661,-0.9966,1200000
11443,-0.78,-3.79,-122.86,-0.0134,-0.066,-0.9967,1200000
11507,-0.78,-3.79,-122.86,-0.0135,-0.066,-0.9969,1200000
11571,-0.78,-3.79,-122.86,-0.0135,-0.0661,-0.997,1200000
11635,-0.78,-3.79,-122.86,-0.0135,-0.0661,-0.9965,1200000
11699,-0.78,-3.79,-122.86,-0.0134,-0.066,-0.9959,1200000
11762,-0.77,-3.79,-122.86,-0.0134,-0.0661,-0.9962,1200000
11826,-0.77,-3.79,-122.86,-0.0135,-0.0661,-0.9964,1200001
11890,-0.77,-3.79,-122.86,-0.0135,-0.066,-0.9964,1200000
11954,-0.77,-3.79,-122.86,-0.0134,-0.066,-0.9966,1200000
12018,-0.77,-3.79,-122.86,-0.0136,-0.0661,-0.9967,1200000
12082,-0.77,-3.79,-122.86,-0.0136,-0.0661,-0.9965,1200000
12146,-0.77,-3.79,-122.86,-0.0136,-0.066,-0.9965,1200000
12210,-0.78,-3.79,-122.86,-0.0137,-0.066,-0.9972,1200000
12274,-0.78,-3.79,-122.86,-0.0136,-0.0661,-0.9975,1200000
12338,-0.78,-3.79,-122.86,-0.0136,-0.066,-0.9968,1200000
12402,-0.78,-3.79,-122.86,-0.0137,-0.066,-0.9963,1199999
12466,-0.78,-3.79,-122.86,-0.0136,-0.0661,-0.9964,1200000
12530,-0.78,-3.79,-122.86,-0.0137,-0.066,-0.9965,1200000
12594,-0.78,-3.79,-122.86,-0.0136,-0.0661,-0.9962,1200000
12657,-0.78,-3.79,-122.86,-0.0135,-0.0661,-0.996,1200000
12721,-0.78,-3.79,-122.86,-0.0137,-0.066,-0.9964,1200000
12785,-0.78,-3.79,-122.86,-0.0136,-0.0661,-0.9963,1200000
12849,-0.78,-3.79,-122.86,-0.0134,-0.0661,-0.9962,1200000
12913,-0.78,-3.79,-122.86,-0.0136,-0.0661,-0.9964,1200000
12977,-0.78,-3.79,-122.86,-0.0139,-0.0661,-0.9965,1200000
13041,-0.78,-3.79,-122.86,-0.0139,-0.066,-0.9964,1200000
13105,-0.78,-3.79,-122.86,-0.0136,-0.0661,-0.9963,1200000
13169,-0.78,-3.79,-122.86,-0.0136,-0.0661,-0.9966,1200000
13233,-0.78,-3.79,-122.86,-0.0138,-0.0661,-0.9963,1200000
13296,-0.79,-3.79,-122.86,-0.0138,-0.0661,-0.9962,1200000
13360,-0.79,-3.79,-122.86,-0.0136,-0.0661,-0.9964,1200000
13424,-0.79,-3.79,-122.86,-0.0133,-0.0661,-0.9959,1199992
13488,-0.78,-3.8,-122.86,-0.0113,-0.0661,-0.9955,1199596
13552,-0.72,-3.8,-122.86,-0.0033,-0.0662,-0.9963,1198460
13616,-0.61,-3.8,-122.86,0.0029,-0.0663,-0.9962,1196555
13680,-0.46,-3.8,-122.86,0.0045,-0.0662,-0.9963,1193809
13744,-0.3,-3.8,-122.86,0.0057,-0.0662,-0.9968,1190276
13808,-0.14,-3.8,-122.86,0.0066,-0.0663,-0.9967,1185902
13872,0.03,-3.8,-122.86,0.0073,-0.0662,-0.9964,1180662
13936,0.19,-3.8,-122.86,0.0068,-0.0662,-0.9958,1174672
14000,0.31,-3.8,-122.86,0.0065,-0.0662,-0.996,1167855
14063,0.35,-3.8,-122.86,0.006,-0.0662,-0.9962,1160222
14127,0.36,-3.8,-122.86,0.0064,-0.0664,-0.9961,1151763
14191,0.38,-3.8,-122.86,0.0073,-0.0662,-0.9963,1142496
14255,0.39,-3.8,-122.86,0.0082,-0.0662,-0.9961,1132403
14319,0.4,-3.8,-122.86,0.0086,-0.0662,-0.9961,1121477
14383,0.42,-3.8,-122.86,0.0088,-0.0662,-0.9961,1109778
14447,0.43,-3.8,-122.86,0.0071,-0.0663,-0.9959,1097199
14511,0.43,-3.81,-122.86,0.0055,-0.0663,-0.9961,1083848
14575,0.43,-3.81,-122.86,0.0058,-0.0663,-0.9963,1069656
14639,0.42,-3.81,-122.86,0.0064,-0.0664,-0.9965,1054690
14703,0.41,-3.81,-122.86,0.0062,-0.0664,-0.9965,1038819
14767,0.39,-3.81,-122.86,0.0061,-0.0664,-0.9966,1022184
14830,0.37,-3.81,-122.86,0.0057,-0.0663,-0.9967,1004721
14894,0.35,-3.81,-122.86,0.0054,-0.0663,-0.9963,986552
14958,0.34,-3.81,-122.86,0.0056,-0.0664,-0.9962,967459
15022,0.34,-3.81,-122.87,0.007,-0.0664,-0.9963,947560
15086,0.34,-3.81,-122.87,0.0067,-0.0663,-0.9962,926776
15150,0.34,-3.81,-122.87,0.0068,-0.0665,-0.9962,905247
15214,0.34,-3.82,-122.87,0.0074,-0.0665,-0.9961,882961
15278,0.34,-3.82,-122.87,0.0069,-0.0665,-0.9963,859759
15342,0.38,-3.82,-122.87,0.0065,-0.0667,-0.9964,835738
15406,0.38,-3.82,-122.87,0.0055,-0.0667,-0.9964,810902
15470,0.38,-3.82,-122.87,0.0054,-0.0668,-0.9964,785490
15534,0.38,-3.83,-122.87,0.0032,-0.0668,-0.9965,760026
15598,0.38,-3.83,-122.87,-0.007,-0.0668,-0.9963,734344
15661,0.38,-3.83,-122.87,-0.0164,-0.0669,-0.9963,708760
15725,0.38,-3.83,-122.87,-0.019,-0.0668,-0.9965,683235
15789,0.38,-3.84,-122.87,-0.016,-0.0668,-0.9966,657730
15853,0.38,-3.84,-122.87,-0.0116,-0.067,-0.9963,632186
15917,0.38,-3.84,-122.86,-0.0105,-0.067,-0.9962,606640
15981,0.38,-3.84,-122.86,-0.0136,-0.067,-0.9964,581110
16045,0.38,-3.84,-122.86,-0.017,-0.0669,-0.9965,555416
16109,0.38,-3.84,-122.86,-0.017,-0.0669,-0.9965,529889
16173,-0.85,-3.84,-122.86,-0.0146,-0.067,-0.9964,504307
16237,-0.81,-3.84,-122.86,-0.0127,-0.0671,-0.9962,478747
16300,-0.8,-3.85,-122.86,-0.0119,-0.067,-0.9963,453169
16364,-0.8,-3.85,-122.86,-0.0132,-0.0671,-0.9965,427597
16428,-0.8,-3.85,-122.86,-0.0167,-0.067,-0.9965,402064
16492,-0.8,-3.85,-122.86,-0.0202,-0.067,-0.9965,376971
16556,-0.9,-3.85,-122.86,-0.0247,-0.067,-0.9965,352558
16620,-1,-3.85,-122.86,-0.0303,-0.0669,-0.9965,328896
16684,-1.16,-3.85,-122.86,-0.034,-0.067,-0.9965,306118
16748,-1.18,-3.85,-122.86,-0.0337,-0.067,-0.9965,284229
16812,-1.18,-3.85,-122.86,-0.0346,-0.067,-0.9964,263085
16876,-1.19,-3.85,-122.86,-0.0359,-0.0671,-0.9965,242731
16940,-1.19,-3.85,-122.87,-0.0349,-0.067,-0.9967,223229
17004,-1.19,-3.85,-122.87,-0.0351,-0.0669,-0.9966,204497
17067,-1.19,-3.85,-122.87,-0.0354,-0.0671,-0.9965,186689
17131,-1.19,-3.85,-122.86,-0.0354,-0.067,-0.9964,169587
17195,-1.2,-3.85,-122.86,-0.034,-0.0671,-0.9963,153371
17259,-1.2,-3.85,-122.86,-0.0338,-0.0671,-0.9963,137963
17323,-1.2,-3.85,-122.86,-0.0338,-0.0669,-0.9965,123350
17387,-1.2,-3.85,-122.86,-0.0342,-0.0671,-0.9965,109594
17451,-1.2,-3.85,-122.86,-0.0353,-0.067,-0.9967,96591
17515,-1.2,-3.85,-122.86,-0.0377,-0.0669,-0.9967,84431
17579,-2.01,-3.85,-122.86,-0.0369,-0.0671,-0.9966,73134
17643,-2.02,-3.85,-122.86,-0.0352,-0.067,-0.9964,62606
17707,-2.02,-3.85,-122.86,-0.0341,-0.0671,-0.9961,52915
17771,-2.02,-3.85,-122.86,-0.0333,-0.0671,-0.996,44002
17834,-2.02,-3.85,-122.86,-0.0346,-0.067,-0.9961,35938
17898,-2.02,-3.85,-122.86,-0.0349,-0.0671,-0.9962,28738
17962,-2.01,-3.85,-122.86,-0.0343,-0.0671,-0.9962,22319
18026,-1.98,-3.85,-122.86,-0.0345,-0.0671,-0.9963,16692
18090,-1.97,-3.85,-122.86,-0.0342,-0.0672,-0.9966,11897
18154,-1.96,-3.85,-122.86,-0.0344,-0.0671,-0.9966,7890
18218,-1.97,-3.85,-122.86,-0.035,-0.0671,-0.9965,4729
18282,-1.98,-3.85,-122.86,-0.0353,-0.067,-0.9963,2417
18346,-1.99,-3.85,-122.86,-0.0351,-0.067,-0.9962,887
18410,-1.99,-3.85,-122.86,-0.0349,-0.0671,-0.9962,179
18474,-1.99,-3.85,-122.86,-0.0334,-0.0671,-0.9964,9
18538,-1.96,-3.85,-122.86,-0.0266,-0.0671,-0.9963,-1
18601,-1.86,-3.85,-122.86,-0.0186,-0.0672,-0.996,-1
18665,-1.71,-3.85,-122.86,-0.0149,-0.0671,-0.9962,-1
18729,-1.53,-3.85,-122.86,-0.0145,-0.0672,-0.9963,-1
18793,-1.36,-3.85,-122.86,-0.0144,-0.0672,-0.9959,-1
18857,-1.2,-3.85,-122.86,-0.0144,-0.0671,-0.9959,-1
18921,-1.03,-3.86,-122.86,-0.0141,-0.0672,-0.9958,1
18985,-0.9,-3.86,-122.86,-0.0141,-0.0672,-0.996,-1
19049,-0.84,-3.86,-122.86,-0.0142,-0.0671,-0.9964,0
19113,-0.82,-3.86,-122.86,-0.0144,-0.0672,-0.9962,0
19177,-0.82,-3.86,-122.86,-0.0144,-0.0672,-0.9962,-1
19241,-0.82,-3.86,-122.86,-0.0143,-0.0672,-0.9966,1
19304,-0.82,-3.86,-122.86,-0.0142,-0.0673,-0.9964,-1
19368,-0.82,-3.86,-122.86,-0.0142,-0.0672,-0.9962,0
19432,-0.82,-3.86,-122.86,-0.0143,-0.0673,-0.9965,0
19496,-0.82,-3.86,-122.86,-0.0144,-0.0671,-0.9968,-1
19560,-0.82,-3.86,-122.86,-0.0144,-0.0671,-0.9968,1
19624,-0.82,-3.86,-122.86,-0.0143,-0.0672,-0.9965,-1
19688,-0.82,-3.86,-122.86,-0.0142,-0.0672,-0.9962,0
19752,-0.82,-3.86,-122.86,-0.0142,-0.0672,-0.9963,0
19816,-0.82,-3.86,-122.86,-0.0144,-0.0672,-0.9963,-1
19880,-0.82,-3.86,-122.86,-0.0145,-0.0671,-0.9964,1
19944,-0.82,-3.86,-122.86,-0.0144,-0.0672,-0.9966,-1
20008,-0.82,-3.86,-122.86,-0.0142,-0.0672,-0.9968,0
20071,-0.82,-3.86,-122.86,-0.0142,-0.0671,-0.9964,1
20135,-0.82,-3.86,-122.86,-0.0145,-0.0673,-0.9964,-1
20199,-0.82,-3.86,-122.86,-0.0146,-0.0671,-0.9966,1
20263,-0.83,-3.86,-122.86,-0.0145,-0.0672,-0.9963,-1
20327,-0.83,-3.86,-122.86,-0.0143,-0.0672,-0.9964,0
20391,-0.82,-3.86,-122.86,-0.0142,-0.0671,-0.9963,1
20455,-0.82,-3.86,-122.86,-0.0145,-0.0672,-0.9964,-1
20519,-0.83,-3.86,-122.86,-0.0144,-0.0672,-0.9965,1
20583,-0.83,-3.86,-122.86,-0.0142,-0.0671,-0.9964,-1
20647,-0.82,-3.86,-122.86,-0.0142,-0.0672,-0.9965,-1
20711,-0.82,-3.86,-122.86,-0.0144,-0.0672,-0.9967,1
20775,-0.82,-3.86,-122.86,-0.0146,-0.0672,-0.9967,-1
20838,-0.83,-3.86,-122.86,-0.0144,-0.0672,-0.9969,1
20903,-0.82,-3.86,-122.86,-0.0142,-0.0672,-0.9965,0
20966,-0.82,-3.86,-122.86,-0.0142,-0.0673,-0.9962,0
21030,-0.82,-3.86,-122.86,-0.0143,-0.0672,-0.9961,1
21094,-0.82,-3.86,-122.86,-0.0144,-0.0671,-0.9961,-1
21158,-0.82,-3.86,-122.86,-0.0143,-0.0673,-0.9962,1
21222,-0.82,-3.86,-122.86,-0.0143,-0.0671,-0.9962,0
21286,-0.82,-3.86,-122.86,-0.0146,-0.0671,-0.9963,-1
21350,-0.82,-3.86,-122.86,-0.0144,-0.0671,-0.9964,1
21414,-0.83,-3.86,-122.86,-0.0143,-0.0671,-0.9963,-1
21478,-0.83,-3.86,-122.86,-0.0144,-0.0673,-0.9963,0
21541,-0.82,-3.86,-122.86,-0.0143,-0.0672,-0.9965,0
21605,-0.82,-3.86,-122.86,-0.0144,-0.0672,-0.9966,-1
21669,-0.82,-3.86,-122.86,-0.0141,-0.0673,-0.9965,1
21733,-0.82,-3.86,-122.86,-0.014,-0.0671,-0.996,-1
21797,-0.82,-3.86,-122.86,-0.0141,-0.0673,-0.9958,0
21861,-0.81,-3.86,-122.86,-0.0142,-0.0672,-0.996,0
21925,-0.81,-3.86,-122.86,-0.0145,-0.0671,-0.9966,-1
21989,-0.82,-3.86,-122.86,-0.0144,-0.0673,-0.9969,1
22053,-0.82,-3.86,-122.86,-0.0145,-0.0672,-0.9968,-1
22117,-0.82,-3.86,-122.86,-0.0145,-0.0672,-0.9966,0
22181,-0.82,-3.86,-122.86,-0.0144,-0.0672,-0.9965,0
22245,-0.83,-3.86,-122.86,-0.0145,-0.0671,-0.9965,-1
22309,-0.83,-3.86,-122.86,-0.0144,-0.0672,-0.9964,1
22372,-0.83,-3.86,-122.86,-0.0145,-0.0672,-0.9963,-1
22436,-0.83,-3.86,-122.86,-0.0145,-0.0671,-0.9963,0
22500,-0.83,-3.86,-122.86,-0.0144,-0.0673,-0.9961,0
22564,-0.83,-3.86,-122.86,-0.0144,-0.0672,-0.9959,-1
22628,-0.83,-3.86,-122.86,-0.0142,-0.0672,-0.996,1
22692,-0.82,-3.86,-122.86,-0.0142,-0.0672,-0.9963,-1
22756,-0.82,-3.86,-122.86,-0.0143,-0.0672,-0.9963,0
22820,-0.82,-3.86,-122.86,-0.0143,-0.0673,-0.9963,1
22884,-0.82,-3.86,-122.86,-0.0142,-0.0672,-0.9964,-1
22948,-0.82,-3.86,-122.86,-0.0142,-0.0671,-0.9963,1
23012,-0.82,-3.86,-122.86,-0.0144,-0.0672,-0.9963,-1
23075,-0.82,-3.86,-122.86,-0.0145,-0.0671,-0.9963,-1
23139,-0.82,-3.86,-122.86,-0.0141,-0.0672,-0.9961,1
23203,-0.82,-3.86,-122.86,-0.0141,-0.0673,-0.9962,-1
23267,-0.82,-3.86,-122.86,-0.0143,-0.0672,-0.9962,1
23331,-0.82,-3.86,-122.86,-0.0145,-0.0672,-0.9964,-1
23395,-0.82,-3.86,-122.86,-0.0143,-0.0672,-0.9966,-1
23459,-0.82,-3.86,-122.86,-0.0141,-0.0671,-0.9964,1
23523,-0.82,-3.86,-122.86,-0.0143,-0.0672,-0.9962,2
23587,-0.82,-3.86,-122.86,-0.0155,-0.0671,-0.9964,250
23651,-0.85,-3.86,-122.86,-0.0214,-0.067,-0.9964,1183
23715,-0.95,-3.86,-122.86,-0.0305,-0.0671,-0.9965,2932
23779,-1.1,-3.85,-122.86,-0.035,-0.0671,-0.9965,5469
23842,-1.27,-3.85,-122.86,-0.0354,-0.0671,-0.9964,8852
23906,-1.44,-3.85,-122.86,-0.0344,-0.0671,-0.9964,13019
23970,-1.6,-3.85,-122.86,-0.0338,-0.067,-0.9965,18021
24034,-1.76,-3.85,-122.86,-0.035,-0.0671,-0.9964,23848
24098,-1.9,-3.85,-122.86,-0.0348,-0.0671,-0.9964,30491
24162,-1.98,-3.85,-122.86,-0.0342,-0.067,-0.9963,37923
24226,-1.99,-3.85,-122.86,-0.0345,-0.0672,-0.9962,46229
24290,-1.98,-3.85,-122.86,-0.0349,-0.0671,-0.9962,55305
24354,-1.98,-3.85,-122.86,-0.0352,-0.067,-0.9962,65169
24418,-1.99,-3.85,-122.86,-0.0354,-0.0671,-0.9963,75880
24481,-2,-3.85,-122.86,-0.0355,-0.0671,-0.9964,87476
24546,-2,-3.85,-122.86,-0.0343,-0.0672,-0.9964,99796
24609,-2,-3.85,-122.86,-0.035,-0.0671,-0.9964,112979
24673,-2.02,-3.85,-122.86,-0.0378,-0.067,-0.9964,126947
24737,-2.05,-3.85,-122.86,-0.0379,-0.0671,-0.9963,141755
24801,-2.07,-3.85,-122.86,-0.0363,-0.0671,-0.9963,157375
24865,-2.07,-3.85,-122.86,-0.0357,-0.067,-0.9964,173819
24929,-2.07,-3.85,-122.86,-0.0364,-0.0671,-0.9963,191069
24993,-2.08,-3.85,-122.86,-0.035,-0.067,-0.9961,209121
25057,-2.08,-3.85,-122.86,-0.034,-0.067,-0.9962,228021
25121,-2.06,-3.85,-122.86,-0.0339,-0.067,-0.9963,247754
25185,-2.02,-3.85,-122.86,-0.0342,-0.0669,-0.9961,268330
25249,-2,-3.85,-122.86,-0.0345,-0.0671,-0.9962,289590
25312,-1.99,-3.85,-122.86,-0.0342,-0.067,-0.9964,311759
25376,-1.98,-3.85,-122.86,-0.0333,-0.0669,-0.9963,334749
25440,-1.98,-3.85,-122.86,-0.0348,-0.067,-0.9962,358593
25504,-1.98,-3.85,-122.85,-0.0362,-0.067,-0.9962,383153
25568,-1.98,-3.85,-122.85,-0.0347,-0.067,-0.9964,408477
25632,-1.98,-3.85,-122.85,-0.0308,-0.0671,-0.9965,434072
25696,-1.98,-3.85,-122.85,-0.0221,-0.0671,-0.9962,459755
25760,-1.98,-3.85,-122.85,-0.0146,-0.0672,-0.9961,485144
25824,-1.98,-3.85,-122.85,-0.0124,-0.0671,-0.9962,510736
25888,-1.97,-3.84,-122.86,-0.014,-0.067,-0.9963,536311
25952,-1.97,-3.84,-122.86,-0.0149,-0.0672,-0.9964,561855
26015,-1.97,-3.84,-122.86,-0.0141,-0.0671,-0.9964,587526
26080,-1.97,-3.84,-122.86,-0.0135,-0.0671,-0.9964,613013
26143,-1.97,-3.84,-122.86,-0.0127,-0.0672,-0.9963,638649
26207,-0.78,-3.85,-122.86,-0.0125,-0.067,-0.9962,664152
26271,-0.78,-3.85,-122.86,-0.0134,-0.0669,-0.9962,689692
26335,-0.79,-3.85,-122.86,-0.0154,-0.0669,-0.9963,715304
26399,-0.79,-3.85,-122.86,-0.017,-0.0668,-0.9963,740794
26463,-0.79,-3.85,-122.86,-0.0163,-0.0669,-0.9965,766475
26527,-0.79,-3.84,-122.86,-0.0134,-0.0668,-0.9966,791963
26591,-0.79,-3.84,-122.86,-0.0102,-0.0667,-0.9965,817286
26655,-0.78,-3.84,-122.86,-0.0044,-0.0668,-0.9963,841957
26719,-0.68,-3.84,-122.86,0.0017,-0.0667,-0.9962,865640
26782,-0.54,-3.83,-122.86,0.0048,-0.0667,-0.9963,888679
26846,-0.4,-3.83,-122.86,0.0054,-0.0667,-0.9961,910800
26910,-0.4,-3.83,-122.86,0.0067,-0.0666,-0.996,932082
26974,-0.4,-3.83,-122.86,0.0074,-0.0666,-0.9963,952595
27038,-0.4,-3.82,-122.86,0.0067,-0.0666,-0.9965,972355
27102,-0.4,-3.82,-122.86,0.0057,-0.0664,-0.9964,991235
27166,-0.39,-3.82,-122.86,0.0058,-0.0665,-0.9961,1009229
27230,-0.39,-3.82,-122.86,0.0073,-0.0664,-0.9959,1026492
27294,-0.39,-3.82,-122.85,0.008,-0.0664,-0.996,1042923
27358,-0.39,-3.82,-122.85,0.0076,-0.0664,-0.9964,1058537
27422,-0.39,-3.81,-122.85,0.0075,-0.0663,-0.9964,1073312
27486,-0.38,-3.81,-122.85,0.0063,-0.0664,-0.9961,1087305
27550,-0.38,-3.81,-122.85,0.0045,-0.0663,-0.9961,1100467
27614,0.38,-3.81,-122.85,0.0044,-0.0662,-0.9961,1112790
27677,0.38,-3.81,-122.85,0.0042,-0.0663,-0.9959,1124330
27741,0.38,-3.81,-122.85,0.0056,-0.0662,-0.996,1135011
27805,0.38,-3.81,-122.85,0.0072,-0.0662,-0.9961,1144914
27869,0.38,-3.81,-122.85,0.0064,-0.0663,-0.9963,1153975
27933,0.32,-3.81,-122.85,0.0068,-0.0662,-0.9963,1162223
27997,0.33,-3.8,-122.85,0.0068,-0.0663,-0.9966,1169666
28061,0.35,-3.8,-122.85,0.0067,-0.0663,-0.9968,1176291
28125,0.38,-3.8,-122.85,0.0076,-0.0662,-0.9965,1182075
28189,0.4,-3.8,-122.85,0.0071,-0.0663,-0.9959,1187073
28253,0.4,-3.8,-122.85,0.0069,-0.0662,-0.9959,1191231
28316,0.4,-3.8,-122.85,0.0066,-0.0662,-0.9963,1194574
28380,0.39,-3.8,-122.85,0.0062,-0.0662,-0.9965,1197122
28444,0.39,-3.8,-122.85,0.0063,-0.0662,-0.9965,1198836
28508,0.39,-3.8,-122.85,0.0065,-0.0662,-0.9969,1199740
28572,0.38,-3.8,-122.85,0.0061,-0.0662,-0.9974,1199984
28636,0.35,-3.8,-122.85,0.0013,-0.0661,-0.9975,1200001
28700,0.27,-3.8,-122.85,-0.0075,-0.0661,-0.9971,1200002
28764,0.13,-3.8,-122.85,-0.0125,-0.066,-0.9964,1200001
28828,-0.03,-3.79,-122.85,-0.0134,-0.066,-0.9963,1200002
28892,-0.19,-3.79,-122.85,-0.0136,-0.0661,-0.9966,1200000
28955,-0.35,-3.79,-122.85,-0.0137,-0.0661,-0.9967,1200001
29019,-0.52,-3.79,-122.85,-0.0138,-0.066,-0.9969,1200000
29083,-0.67,-3.79,-122.85,-0.0136,-0.066,-0.9963,1200000
29147,-0.75,-3.79,-122.85,-0.0135,-0.0661,-0.9962,1200001
29211,-0.78,-3.79,-122.85,-0.0136,-0.0661,-0.9961,1200000
29275,-0.78,-3.79,-122.85,-0.0137,-0.0661,-0.996,1200000
29339,-0.78,-3.79,-122.85,-0.0136,-0.0661,-0.9964,1200000
29403,-0.78,-3.8,-122.85,-0.0135,-0.0661,-0.9964,1199999
29467,-0.78,-3.8,-122.85,-0.0135,-0.066,-0.9963,1200001
29531,-0.78,-3.8,-122.85,-0.0135,-0.0661,-0.9962,1200000
29595,-0.78,-3.8,-122.85,-0.0135,-0.0661,-0.996,1200000
29659,-0.78,-3.8,-122.85,-0.0136,-0.0661,-0.996,1200000
29722,-0.78,-3.79,-122.85,-0.0136,-0.0661,-0.9962,1199999
29786,-0.78,-3.79,-122.85,-0.0135,-0.0661,-0.9965,1200000
29851,-0.78,-3.79,-122.85,-0.0136,-0.066,-0.9965,1200000
29914,-0.78,-3.79,-122.85,-0.0137,-0.066,-0.996,1200000
29978,-0.78,-3.79,-122.85,-0.0137,-0.0661,-0.9957,1200000
30042,-0.78,-3.79,-122.85,-0.0135,-0.0661,-0.9958,1199999
30106,-0.78,-3.79,-122.85,-0.0135,-0.066,-0.9954,1200001
30170,-0.78,-3.79,-122.85,-0.0136,-0.066,-0.9955,1200000
30234,-0.78,-3.79,-122.85,-0.0135,-0.0661,-0.996,1200000
30298,-0.78,-3.79,-122.85,-0.0135,-0.0661,-0.9963,1200000
30362,-0.78,-3.8,-122.85,-0.0136,-0.0661,-0.9963,1200000
30426,-0.78,-3.8,-122.85,-0.0136,-0.066,-0.9965,1200000
30490,-0.78,-3.79,-122.85,-0.0136,-0.0661,-0.9967,1200000
30553,-0.78,-3.79,-122.85,-0.0137,-0.0661,-0.9966,1200000
30617,-0.78,-3.79,-122.85,-0.0136,-0.0661,-0.9966,1200000
30682,-0.78,-3.79,-122.85,-0.0134,-0.0661,-0.9964,1199999
30745,-0.78,-3.79,-122.85,-0.0135,-0.066,-0.9961,1200001
30809,-0.78,-3.79,-122.85,-0.0136,-0.0661,-0.9964,1200000
30873,-0.78,-3.79,-122.85,-0.0135,-0.0661,-0.9961,1200000
30937,-0.78,-3.79,-122.85,-0.0134,-0.066,-0.9955,1200000
31001,-0.77,-3.79,-122.85,-0.0133,-0.0661,-0.9955,1200000
31065,-0.77,-3.79,-122.85,-0.0134,-0.0661,-0.9957,1200000
31129,-0.77,-3.79,-122.85,-0.0133,-0.0661,-0.9956,1200000
31193,-0.77,-3.8,-122.85,-0.0133,-0.0661,-0.9958,1200000
31256,-0.77,-3.8,-122.85,-0.0134,-0.0661,-0.9962,1200000
31320,-0.77,-3.8,-122.85,-0.0136,-0.0661,-0.9963,1200000
31384,-0.77,-3.8,-122.85,-0.0138,-0.0661,-0.9962,1200000
31448,-0.77,-3.8,-122.85,-0.0137,-0.0662,-0.9963,1200000
31512,-0.78,-3.8,-122.85,-0.0136,-0.0661,-0.9962,1200000
31576,-0.78,-3.8,-122.85,-0.0136,-0.066,-0.9962,1200000
31640,-0.78,-3.8,-122.85,-0.0138,-0.066,-0.9964,1200000
31704,-0.78,-3.79,-122.85,-0.0138,-0.066,-0.9965,1200000
31768,-0.79,-3.79,-122.85,-0.0138,-0.0661,-0.9963,1200000
31832,-0.79,-3.79,-122.85,-0.0138,-0.0661,-0.9964,1200000
31896,-0.79,-3.79,-122.85,-0.0137,-0.066,-0.9964,1200000
31960,-0.79,-3.79,-122.85,-0.0136,-0.066,-0.9963,1200000
32023,-0.79,-3.79,-122.85,-0.0134,-0.066,-0.9962,1200000
32087,-0.78,-3.79,-122.85,-0.0136,-0.0661,-0.9962,1200000
32151,-0.78,-3.79,-122.85,-0.0139,-0.0661,-0.9964,1200000
32215,-0.79,-3.79,-122.85,-0.0138,-0.0661,-0.9965,1200000
32279,-0.78,-3.79,-122.85,-0.0136,-0.0661,-0.9965,1200000
32343,-0.78,-3.79,-122.85,-0.0136,-0.0661,-0.9965,1200000
32407,-0.78,-3.79,-122.85,-0.0136,-0.066,-0.9966,1200000
32471,-0.78,-3.79,-122.85,-0.0137,-0.066,-0.9966,1200000
32535,-0.79,-3.79,-122.85,-0.0136,-0.066,-0.9964,1200001
32599,-0.78,-3.79,-122.85,-0.0138,-0.066,-0.9963,1200000
32663,-0.78,-3.79,-122.85,-0.0137,-0.066,-0.9963,1200000
32727,-0.78,-3.79,-122.85,-0.0136,-0.0661,-0.9963,1200000
32790,-0.78,-3.79,-122.85,-0.0136,-0.066,-0.9965,1200000
32854,-0.78,-3.79,-122.85,-0.0136,-0.066,-0.9965,1200000
32918,-0.78,-3.79,-122.85,-0.0136,-0.066,-0.9962,1200000
32982,-0.78,-3.79,-122.85,-0.0136,-0.066,-0.9963,1200000
33046,-0.78,-3.79,-122.85,-0.0136,-0.066,-0.9966,1200000
33110,-0.78,-3.79,-122.85,-0.0137,-0.0661,-0.9966,1200000
33174,-0.78,-3.79,-122.85,-0.0138,-0.066,-0.9965,1200000
33238,-0.78,-3.79,-122.85,-0.0137,-0.066,-0.9964,1200000
33302,-0.78,-3.79,-122.85,-0.0136,-0.0661,-0.9962,1200000
33366,-0.78,-3.79,-122.85,-0.0135,-0.0661,-0.9955,1200000
33430,-0.78,-3.79,-122.85,-0.0136,-0.0662,-0.9952,1200000
33494,-0.78,-3.8,-122.85,-0.0138,-0.0661,-0.9961,1200000
33557,-0.78,-3.8,-122.85,-0.0137,-0.0661,-0.9967,1200000
33621,-0.78,-3.8,-122.85,-0.0137,-0.0661,-0.9965,1199999
33686,-0.78,-3.8,-122.85,-0.0133,-0.066,-0.9962,1199872
33749,-0.76,-3.8,-122.85,-0.0082,-0.0661,-0.9963,1199077
33813,-0.68,-3.8,-122.85,0.0006,-0.0661,-0.9971,1197558
33877,-0.54,-3.79,-122.85,0.0059,-0.0662,-0.9975,1195170
33941,-0.37,-3.79,-122.85,0.0075,-0.0663,-0.9971,1192019
34005,-0.19,-3.8,-122.85,0.0065,-0.0663,-0.9965,1188011
34069,-0.03,-3.8,-122.85,0.0062,-0.0663,-0.9962,1183214
34133,0.14,-3.8,-122.85,0.0068,-0.0663,-0.9968,1177568
34197,0.29,-3.8,-122.85,0.0069,-0.0663,-0.9967,1171118
34260,0.36,-3.8,-122.85,0.0063,-0.0662,-0.9961,1163858
34324,0.38,-3.8,-122.85,0.006,-0.0662,-0.9961,1155792
34388,0.38,-3.8,-122.85,0.0072,-0.0663,-0.9961,1146889
34452,0.38,-3.81,-122.85,0.0072,-0.0663,-0.996,1137165
34516,0.38,-3.81,-122.85,0.0057,-0.0663,-0.996,1126667
34580,0.37,-3.81,-122.85,0.0054,-0.0663,-0.9963,1115301
34644,0.36,-3.81,-122.85,0.0069,-0.0663,-0.9965,1103154
34708,0.37,-3.81,-122.85,0.0065,-0.0662,-0.9964,1090145
34772,0.36,-3.81,-122.85,0.0042,-0.0662,-0.9967,1076359
34836,0.34,-3.8,-122.85,0.0034,-0.0663,-0.9969,1061748
34900,0.31,-3.81,-122.85,0.0046,-0.0664,-0.9964,1046296
34964,0.3,-3.81,-122.85,0.006,-0.0664,-0.9957,1030069
35027,0.31,-3.81,-122.85,0.0063,-0.0664,-0.9956,1012987
35091,0.32,-3.81,-122.85,0.0076,-0.0663,-0.9959,995093
35155,0.32,-3.81,-122.85,0.0075,-0.0663,-0.9963,976413
35219,0.32,-3.81,-122.85,0.0067,-0.0664,-0.9964,956903
35283,0.32,-3.81,-122.85,0.0065,-0.0664,-0.9963,936588
35347,0.32,-3.81,-122.85,0.0059,-0.0665,-0.9964,915376
35411,0.31,-3.82,-122.85,0.0058,-0.0666,-0.9963,893383
35475,0.31,-3.82,-122.85,0.007,-0.0666,-0.9962,870610
35539,0.31,-3.82,-122.85,0.0079,-0.0666,-0.9963,847022
35603,0.31,-3.82,-122.85,0.0067,-0.0667,-0.9965,822548
35667,0.31,-3.83,-122.85,0.0042,-0.0667,-0.9965,797443
35730,0.31,-3.83,-122.85,0.0024,-0.0668,-0.9964,771875
35794,0.31,-3.83,-122.85,-0.0022,-0.0668,-0.9964,746376
35859,0.31,-3.84,-122.85,-0.0107,-0.0668,-0.9965,720739
35922,0.31,-3.84,-122.85,-0.0166,-0.0668,-0.9965,694989
35986,0.31,-3.84,-122.85,-0.0186,-0.0669,-0.9966,669576
36050,0.31,-3.84,-122.85,-0.0163,-0.0669,-0.9965,644065
36114,0.31,-3.85,-122.85,-0.0118,-0.0669,-0.9963,618438
36178,0.31,-3.85,-122.85,-0.0108,-0.067,-0.9962,592775
36242,0.31,-3.85,-122.85,-0.0127,-0.067,-0.9962,567255
36306,0.31,-3.85,-122.85,-0.0159,-0.0669,-0.9964,541627
36370,0.31,-3.85,-122.85,-0.0168,-0.0669,-0.9965,516107
36434,0.31,-3.85,-122.85,-0.0158,-0.0669,-0.9964,490647
36498,0.3,-3.85,-122.85,-0.0136,-0.067,-0.9963,465037
36561,0.3,-3.85,-122.85,-0.0115,-0.0671,-0.9963,439486
36626,0.3,-3.85,-122.85,-0.0129,-0.0671,-0.9963,413902
36689,0.3,-3.85,-122.85,-0.0176,-0.0671,-0.9964,388432
36753,0.3,-3.85,-122.85,-0.0226,-0.0671,-0.9964,363694
36818,0.3,-3.85,-122.85,-0.0276,-0.0671,-0.9965,339777
36881,-1.06,-3.85,-122.85,-0.0321,-0.067,-0.9965,316383
36945,-1.06,-3.85,-122.85,-0.0335,-0.067,-0.9964,294283
37009,-1.07,-3.85,-122.85,-0.0344,-0.067,-0.9963,272604
37073,-1.07,-3.85,-122.85,-0.0333,-0.067,-0.9964,252053
37137,-1.07,-3.85,-122.86,-0.0339,-0.067,-0.9965,232207
37201,-1.07,-3.85,-122.86,-0.0345,-0.067,-0.9965,213120
37264,-1.07,-3.85,-122.86,-0.0343,-0.067,-0.9963,194882
37328,-1.08,-3.85,-122.86,-0.034,-0.0671,-0.9962,177464
37392,-1.08,-3.85,-122.85,-0.0347,-0.067,-0.9965,160843
37456,-1.08,-3.85,-122.85,-0.0345,-0.067,-0.9965,145029
37520,-1.08,-3.85,-122.85,-0.0357,-0.067,-0.9965,130019
37584,-1.08,-3.85,-122.85,-0.0362,-0.0671,-0.9965,115847
37648,-1.08,-3.85,-122.85,-0.0357,-0.0671,-0.9965,102519
37712,-1.08,-3.85,-122.85,-0.0365,-0.0671,-0.9965,89998
37776,-1.08,-3.85,-122.85,-0.0365,-0.0672,-0.9966,78271
37840,-1.08,-3.85,-122.85,-0.0358,-0.0672,-0.9966,67379
37904,-1.09,-3.85,-122.85,-0.0353,-0.0672,-0.9964,57306
37968,-2.07,-3.85,-122.85,-0.0368,-0.067,-0.9964,48055
38032,-2.07,-3.85,-122.85,-0.036,-0.0671,-0.9965,39623
38095,-2.07,-3.85,-122.85,-0.035,-0.0672,-0.9963,31954
38159,-2.05,-3.85,-122.85,-0.0345,-0.0671,-0.9961,25176
38223,-2.04,-3.85,-122.85,-0.0347,-0.0671,-0.9963,19194
38287,-2.02,-3.85,-122.85,-0.0344,-0.0671,-0.9964,14012
38351,-2.02,-3.85,-122.85,-0.0347,-0.0671,-0.9963,9680
38415,-2.01,-3.85,-122.85,-0.0348,-0.0671,-0.9964,6128
38479,-1.99,-3.85,-122.85,-0.0345,-0.0671,-0.9966,3405
38543,-1.98,-3.85,-122.85,-0.0346,-0.0671,-0.9965,1487
38607,-1.98,-3.85,-122.85,-0.0342,-0.067,-0.9963,422
38671,-1.98,-3.85,-122.85,-0.0338,-0.067,-0.9963,42
38734,-1.96,-3.85,-122.85,-0.0299,-0.067,-0.9963,1
38799,-1.89,-3.85,-122.85,-0.0222,-0.067,-0.9964,-1
38862,-1.75,-3.85,-122.85,-0.0162,-0.0672,-0.9964,-1
38927,-1.6,-3.85,-122.85,-0.0146,-0.0672,-0.9964,-1
38990,-1.43,-3.85,-122.85,-0.0143,-0.0672,-0.9964,-1
39054,-1.27,-3.85,-122.85,-0.0142,-0.0672,-0.9965,-1
39118,-1.11,-3.85,-122.85,-0.0143,-0.0672,-0.9966,0
39182,-0.97,-3.86,-122.85,-0.0144,-0.0673,-0.9964,-1
39246,-0.87,-3.86,-122.85,-0.0143,-0.0672,-0.9963,1
39310,-0.83,-3.86,-122.85,-0.0143,-0.0672,-0.9964,-1
39374,-0.82,-3.86,-122.85,-0.0145,-0.0672,-0.9965,0
39438,-0.82,-3.86,-122.85,-0.0144,-0.0671,-0.9965,0
39502,-0.82,-3.86,-122.85,-0.0142,-0.0671,-0.9963,-1
39566,-0.82,-3.86,-122.85,-0.0143,-0.0671,-0.9964,1
39629,-0.82,-3.86,-122.85,-0.0145,-0.0671,-0.9964,-1
39693,-0.82,-3.86,-122.85,-0.0143,-0.0672,-0.9965,0
39757,-0.82,-3.86,-122.85,-0.0142,-0.0673,-0.9963,1
39821,-0.82,-3.86,-122.85,-0.0146,-0.0673,-0.9962,-1
39885,-0.82,-3.86,-122.85,-0.0146,-0.0672,-0.9963,1
39949,-0.82,-3.86,-122.85,-0.0143,-0.0672,-0.9963,-1
40013,-0.83,-3.86,-122.85,-0.0144,-0.0671,-0.9963,0
40077,-0.83,-3.86,-122.85,-0.0146,-0.0672,-0.9966,1
40141,-0.83,-3.86,-122.85,-0.0146,-0.0672,-0.9968,-1
40205,-0.83,-3.86,-122.85,-0.0142,-0.0672,-0.9968,1
40269,-0.83,-3.86,-122.85,-0.0141,-0.0672,-0.9968,-1
40332,-0.82,-3.86,-122.85,-0.0142,-0.0672,-0.9966,-1
40396,-0.82,-3.86,-122.85,-0.0144,-0.0672,-0.9964,1
40460,-0.82,-3.86,-122.85,-0.0146,-0.0672,-0.9968,-1
40524,-0.82,-3.86,-122.85,-0.0141,-0.0672,-0.9968,1
40588,-0.82,-3.86,-122.85,-0.014,-0.0672,-0.9963,-1
40652,-0.82,-3.86,-122.85,-0.0145,-0.0671,-0.9965,0
40716,-0.82,-3.86,-122.85,-0.0147,-0.0671,-0.9967,1
40780,-0.82,-3.86,-122.85,-0.0144,-0.0671,-0.9961,-1
40844,-0.82,-3.86,-122.85,-0.014,-0.0672,-0.9956,1
40908,-0.82,-3.86,-122.85,-0.0142,-0.0672,-0.996,0
40972,-0.82,-3.86,-122.85,-0.0145,-0.0671,-0.9964,-1
41036,-0.82,-3.86,-122.85,-0.0146,-0.0672,-0.9965,1
41099,-0.83,-3.86,-122.85,-0.0145,-0.0672,-0.9966,-1
41163,-0.83,-3.86,-122.85,-0.0143,-0.0672,-0.9966,1
41227,-0.82,-3.86,-122.85,-0.0143,-0.0672,-0.9967,0
41291,-0.82,-3.86,-122.85,-0.0143,-0.0672,-0.9965,-1
41355,-0.83,-3.86,-122.85,-0.0144,-0.0671,-0.9964,1
41419,-0.83,-3.86,-122.85,-0.0143,-0.0671,-0.9964,-1
41483,-0.82,-3.86,-122.85,-0.0141,-0.0672,-0.9965,1
41547,-0.82,-3.86,-122.85,-0.0142,-0.0672,-0.9962,0
41611,-0.82,-3.86,-122.85,-0.0145,-0.0672,-0.9963,-1
41675,-0.82,-3.86,-122.85,-0.0144,-0.0671,-0.9964,1
41739,-0.82,-3.86,-122.85,-0.0143,-0.0672,-0.9967,-1
41803,-0.82,-3.86,-122.85,-0.0142,-0.0672,-0.9967,0
41866,-0.82,-3.86,-122.85,-0.0142,-0.0672,-0.9965,0
41930,-0.82,-3.86,-122.85,-0.0144,-0.0673,-0.9966,-1
41994,-0.82,-3.86,-122.85,-0.0142,-0.0673,-0.9965,1
42058,-0.82,-3.86,-122.85,-0.014,-0.0672,-0.9964,-1
42122,-0.81,-3.86,-122.85,-0.014,-0.0672,-0.9964,0
42186,-0.81,-3.86,-122.85,-0.0142,-0.0672,-0.9964,0
42250,-0.81,-3.86,-122.85,-0.0144,-0.0672,-0.9965,-1
42314,-0.81,-3.86,-122.85,-0.0142,-0.0672,-0.9963,1
42378,-0.81,-3.86,-122.85,-0.0144,-0.0672,-0.9961,-1
42442,-0.82,-3.86,-122.85,-0.0145,-0.0672,-0.9962,0
42506,-0.82,-3.86,-122.85,-0.0143,-0.0673,-0.9961,0
42570,-0.82,-3.86,-122.85,-0.0141,-0.0673,-0.9957,-1
42633,-0.82,-3.86,-122.85,-0.014,-0.0673,-0.9957,1
42697,-0.82,-3.86,-122.85,-0.0142,-0.0672,-0.9961,-1
42761,-0.82,-3.86,-122.85,-0.0145,-0.0672,-0.9965,0
42825,-0.82,-3.86,-122.85,-0.0145,-0.0672,-0.9965,1
42889,-0.82,-3.86,-122.85,-0.0145,-0.0672,-0.9966,-1
42953,-0.82,-3.86,-122.85,-0.0142,-0.0672,-0.9966,1
43017,-0.82,-3.86,-122.85,-0.0143,-0.0672,-0.9967,-1
43081,-0.82,-3.86,-122.85,-0.0145,-0.0672,-0.9963,-1
43145,-0.83,-3.86,-122.85,-0.0144,-0.0672,-0.9965,1
43209,-0.83,-3.86,-122.85,-0.0144,-0.0672,-0.9971,-1
43273,-0.82,-3.86,-122.85,-0.0142,-0.0672,-0.9961,1
43336,-0.82,-3.86,-122.85,-0.0141,-0.0672,-0.9957,-1
43400,-0.82,-3.86,-122.85,-0.0145,-0.0672,-0.9961,-1
43464,-0.82,-3.86,-122.85,-0.0145,-0.0672,-0.9963,1
43528,-0.82,-3.86,-122.85,-0.0144,-0.0672,-0.9965,-1
43592,-0.82,-3.86,-122.85,-0.0142,-0.0672,-0.9964,1
43656,-0.82,-3.86,-122.85,-0.0142,-0.0672,-0.9962,-1
43720,-0.82,-3.86,-122.85,-0.0143,-0.0672,-0.9961,-1
43784,-0.82,-3.86,-122.85,-0.0143,-0.0672,-0.9961,37
43848,-0.83,-3.86,-122.85,-0.0181,-0.0672,-0.9966,650
43912,-0.9,-3.86,-122.85,-0.028,-0.0671,-0.9969,2009
43976,-1.04,-3.86,-122.85,-0.0336,-0.067,-0.9967,4201
44039,-1.2,-3.86,-122.85,-0.0332,-0.0671,-0.9965,7195
44103,-1.36,-3.85,-122.85,-0.0339,-0.0671,-0.9964,10968
44167,-1.53,-3.85,-122.85,-0.0354,-0.067,-0.9962,15616
44231,-1.7,-3.85,-122.85,-0.0355,-0.0671,-0.996,21045
44295,-1.86,-3.85,-122.85,-0.0352,-0.0671,-0.9961,27295
44359,-1.96,-3.85,-122.85,-0.0349,-0.0671,-0.9963,34372
44423,-1.98,-3.85,-122.85,-0.0344,-0.0671,-0.9963,42253
44487,-1.99,-3.85,-122.85,-0.0352,-0.0671,-0.9961,50976
44551,-2.01,-3.85,-122.85,-0.0349,-0.0671,-0.9962,60525
44615,-2,-3.85,-122.85,-0.0339,-0.0671,-0.9964,70838
44679,-1.99,-3.85,-122.85,-0.0334,-0.0671,-0.9965,81972
44743,-1.97,-3.85,-122.85,-0.0343,-0.0671,-0.9966,94046
44807,-1.97,-3.85,-122.85,-0.0349,-0.067,-0.9965,106781
44870,-1.98,-3.85,-122.85,-0.0354,-0.067,-0.9967,120437
44934,-1.99,-3.85,-122.85,-0.0372,-0.067,-0.9968,134826
44998,-2.01,-3.85,-122.85,-0.0362,-0.067,-0.9967,150066
45062,-2.01,-3.85,-122.85,-0.034,-0.067,-0.9965,166079
45126,-2.02,-3.85,-122.85,-0.0344,-0.0671,-0.9962,183041
45190,-2.03,-3.85,-122.85,-0.0351,-0.0671,-0.996,200746
45254,-2.03,-3.85,-122.85,-0.0356,-0.067,-0.9962,219207
45318,-2.04,-3.85,-122.85,-0.0356,-0.067,-0.9963,238552
45382,-2.03,-3.85,-122.85,-0.0354,-0.067,-0.9965,258775
45446,-2.01,-3.85,-122.85,-0.0346,-0.067,-0.9965,279620
45510,-2.01,-3.85,-122.85,-0.0349,-0.067,-0.9961,301426
45573,-2.01,-3.85,-122.85,-0.0347,-0.067,-0.9962,324030
45637,-2.01,-3.85,-122.85,-0.0337,-0.0671,-0.9964,347449
45701,-2,-3.85,-122.84,-0.034,-0.0671,-0.9962,371734
45765,-2,-3.85,-122.84,-0.034,-0.067,-0.9963,396738
45829,-2,-3.85,-122.84,-0.0316,-0.067,-0.9962,422154
45893,-2,-3.85,-122.84,-0.0246,-0.0671,-0.9962,447726
45957,-2,-3.85,-122.84,-0.0179,-0.0671,-0.9964,473340
46021,-2,-3.85,-122.84,-0.0131,-0.0672,-0.9963,498890
46085,-2,-3.85,-122.84,-0.0115,-0.0671,-0.9961,524519
46149,-2,-3.84,-122.84,-0.0131,-0.0671,-0.9962,550064
46213,-1.99,-3.84,-122.84,-0.014,-0.067,-0.9964,575595
46276,-1.99,-3.84,-122.84,-0.0133,-0.067,-0.9962,601230
46340,-1.99,-3.84,-122.84,-0.0135,-0.067,-0.9962,626855
46404,-1.99,-3.84,-122.84,-0.0145,-0.067,-0.9963,652356
46468,-0.76,-3.85,-122.84,-0.0127,-0.0671,-0.9963,677925
46532,-0.76,-3.85,-122.84,-0.0116,-0.067,-0.9963,703482
46596,-0.76,-3.85,-122.84,-0.0146,-0.0669,-0.9964,729061
46660,-0.77,-3.84,-122.85,-0.0176,-0.0669,-0.9965,754729
46724,-0.77,-3.84,-122.85,-0.0171,-0.0669,-0.9963,780222
46788,-0.77,-3.84,-122.85,-0.0131,-0.0669,-0.9962,805768
46852,-0.76,-3.84,-122.84,-0.0072,-0.0668,-0.9962,830615
46916,-0.76,-3.83,-122.84,-0.0001,-0.0668,-0.9965,854817
46980,-0.76,-3.83,-122.84,0.0049,-0.0668,-0.9967,878109
47043,-0.76,-3.83,-122.84,0.0057,-0.0668,-0.9966,900669
47107,-0.76,-3.82,-122.84,0.0062,-0.0667,-0.9967,922328
47171,-0.76,-3.82,-122.85,0.0059,-0.0666,-0.9965,943201
47235,-0.76,-3.82,-122.85,0.0064,-0.0665,-0.9963,963323
47299,-0.76,-3.81,-122.85,0.0068,-0.0665,-0.9961,982546
47363,-0.75,-3.81,-122.84,0.0066,-0.0665,-0.996,1001054
47427,-0.75,-3.81,-122.84,0.0061,-0.0665,-0.9958,1018612
47491,-0.75,-3.81,-122.84,0.0061,-0.0664,-0.9957,1035440
47555,-0.74,-3.81,-122.84,0.0067,-0.0664,-0.996,1051436
47619,-0.74,-3.81,-122.84,0.0067,-0.0663,-0.9964,1066607
47683,-0.74,-3.81,-122.84,0.0062,-0.0663,-0.9965,1080971
47747,-0.74,-3.81,-122.84,0.0059,-0.0664,-0.9966,1094533
47811,-0.74,-3.8,-122.84,0.0066,-0.0663,-0.9964,1107290
47874,-0.74,-3.8,-122.84,0.0073,-0.0662,-0.996,1119155
47939,-0.74,-3.8,-122.83,0.0063,-0.0663,-0.9961,1130179
48002,-0.74,-3.8,-122.83,0.0063,-0.0663,-0.9964,1140482
48066,-0.74,-3.8,-122.84,0.0077,-0.0663,-0.9964,1149905
48130,-0.74,-3.8,-122.84,0.0076,-0.0664,-0.9962,1158507
48194,-0.74,-3.8,-122.84,0.0069,-0.0663,-0.9959,1166343
48258,-0.73,-3.8,-122.84,0.0066,-0.0663,-0.996,1173341
48322,0.4,-3.81,-122.84,0.0075,-0.0663,-0.996,1179511
48386,0.4,-3.81,-122.84,0.0076,-0.0662,-0.9962,1184858
48450,0.41,-3.81,-122.84,0.007,-0.0662,-0.9963,1189422
48514,0.41,-3.81,-122.84,0.0067,-0.0662,-0.9962,1193146
48578,0.41,-3.81,-122.84,0.0073,-0.0663,-0.9967,1196059
48641,0.41,-3.8,-122.84,0.0071,-0.0663,-0.9967,1198140
48705,0.41,-3.8,-122.84,0.0071,-0.0663,-0.9962,1199423
48769,0.41,-3.8,-122.84,0.0068,-0.0662,-0.9956,1199930
48833,0.4,-3.8,-122.84,0.0046,-0.0662,-0.9959,1199999
48897,0.35,-3.8,-122.84,-0.003,-0.0661,-0.9969,1200003
48961,0.23,-3.8,-122.84,-0.0108,-0.0661,-0.9971,1200001
49025,0.08,-3.8,-122.84,-0.0134,-0.0661,-0.9964,1200002
49089,-0.1,-3.8,-122.84,-0.0137,-0.0661,-0.9963,1200001
49153,-0.27,-3.8,-122.84,-0.0137,-0.0661,-0.9963,1200000
49217,-0.44,-3.8,-122.84,-0.0137,-0.0661,-0.9963,1200001
49281,-0.6,-3.79,-122.84,-0.0136,-0.0661,-0.9964,1200000
49344,-0.73,-3.79,-122.84,-0.0135,-0.0661,-0.9963,1200000
49408,-0.77,-3.79,-122.84,-0.0137,-0.0661,-0.9964,1200000
49472,-0.78,-3.79,-122.84,-0.0138,-0.0661,-0.9965,1200000
49536,-0.78,-3.79,-122.84,-0.0139,-0.0661,-0.997,1200001
49600,-0.79,-3.79,-122.84,-0.0139,-0.0661,-0.9968,1200000
49664,-0.79,-3.79,-122.84,-0.0137,-0.066,-0.9963,1200000
49728,-0.79,-3.79,-122.84,-0.0136,-0.066,-0.9961,1200000
49792,-0.79,-3.79,-122.84,-0.0137,-0.066,-0.9961,1200000
49856,-0.79,-3.79,-122.84,-0.0137,-0.066,-0.9963,1200000
49920,-0.79,-3.79,-122.84,-0.0137,-0.0661,-0.9962,1200000
49984,-0.79,-3.79,-122.84,-0.0137,-0.0661,-0.9963,1200000
50047,-0.79,-3.79,-122.84,-0.0138,-0.0661,-0.9967,1200000
50111,-0.79,-3.79,-122.84,-0.0137,-0.0661,-0.9966,1200000
50175,-0.79,-3.79,-122.84,-0.0136,-0.0661,-0.9964,1200001
50239,-0.79,-3.79,-122.84,-0.0138,-0.0661,-0.9965,1200000
50303,-0.79,-3.79,-122.84,-0.0137,-0.0661,-0.9966,1200000
50367,-0.79,-3.79,-122.84,-0.0135,-0.0661,-0.9967,1200000
50431,-0.78,-3.79,-122.84,-0.0136,-0.066,-0.9969,1200000
50495,-0.78,-3.79,-122.84,-0.0136,-0.066,-0.9966,1200000
50559,-0.78,-3.79,-122.84,-0.0135,-0.066,-0.9966,1200000
50623,-0.78,-3.79,-122.84,-0.0136,-0.066,-0.9968,1200000
50687,-0.78,-3.79,-122.84,-0.0137,-0.066,-0.9969,1200000
50751,-0.78,-3.79,-122.84,-0.0137,-0.0661,-0.9968,1199999
50815,-0.78,-3.79,-122.84,-0.0137,-0.0661,-0.9964,1200000
50878,-0.78,-3.79,-122.84,-0.0137,-0.066,-0.9964,1200000
50943,-0.78,-3.79,-122.84,-0.0136,-0.0661,-0.9964,1200000
51006,-0.78,-3.79,-122.84,-0.0137,-0.0661,-0.9968,1200000
51070,-0.78,-3.79,-122.84,-0.0137,-0.0661,-0.997,1199999
51134,-0.79,-3.79,-122.84,-0.0137,-0.0661,-0.9967,1200000
51198,-0.78,-3.79,-122.84,-0.0136,-0.066,-0.9964,1200000
51262,-0.78,-3.79,-122.84,-0.0135,-0.066,-0.9963,1200000
51326,-0.78,-3.79,-122.84,-0.0137,-0.0661,-0.9963,1200000
51390,-0.78,-3.79,-122.84,-0.0137,-0.0661,-0.9963,1200000
51454,-0.78,-3.79,-122.84,-0.0134,-0.066,-0.996,1200000
51517,-0.78,-3.79,-122.84,-0.0134,-0.066,-0.9961,1200000
51581,-0.78,-3.79,-122.84,-0.0135,-0.066,-0.9962,1200000
51645,-0.78,-3.79,-122.84,-0.0134,-0.0661,-0.9959,1200000
51709,-0.78,-3.79,-122.84,-0.0135,-0.0661,-0.9961,1200000
51773,-0.78,-3.8,-122.84,-0.0137,-0.0661,-0.9963,1200000
51837,-0.78,-3.79,-122.84,-0.0136,-0.0661,-0.9963,1200000
51901,-0.78,-3.79,-122.84,-0.0136,-0.0661,-0.9964,1200000
51965,-0.78,-3.79,-122.84,-0.0137,-0.0661,-0.9965,1200000
52029,-0.78,-3.79,-122.84,-0.0137,-0.0661,-0.9965,1200000
52093,-0.78,-3.79,-122.84,-0.0136,-0.066,-0.9963,1200000
52157,-0.78,-3.79,-122.84,-0.0135,-0.066,-0.9962,1200000
52221,-0.78,-3.79,-122.84,-0.0136,-0.066,-0.9964,1200000
52284,-0.78,-3.79,-122.84,-0.0135,-0.066,-0.9964,1200000
52348,-0.78,-3.79,-122.84,-0.0135,-0.066,-0.9964,1200000
52412,-0.78,-3.79,-122.84,-0.0136,-0.0661,-0.9964,1200000
52476,-0.78,-3.79,-122.84,-0.0136,-0.0661,-0.9964,1200000
52540,-0.78,-3.79,-122.84,-0.0137,-0.066,-0.9964,1200000
52604,-0.78,-3.79,-122.84,-0.0138,-0.066,-0.9967,1200000
52668,-0.78,-3.79,-122.84,-0.0137,-0.066,-0.9967,1200000
52732,-0.78,-3.79,-122.84,-0.0137,-0.066,-0.9966,1200000
52796,-0.78,-3.79,-122.84,-0.0136,-0.066,-0.9964,1200000
52860,-0.79,-3.79,-122.84,-0.0137,-0.0661,-0.9962,1200000
52924,-0.79,-3.79,-122.84,-0.0137,-0.0661,-0.9961,1200000
52988,-0.79,-3.79,-122.84,-0.0135,-0.0661,-0.9962,1200000
53051,-0.78,-3.79,-122.84,-0.0134,-0.0661,-0.9961,1200000
53115,-0.78,-3.79,-122.84,-0.0135,-0.0661,-0.9961,1200000
53179,-0.78,-3.79,-122.84,-0.0137,-0.0661,-0.9963,1200000
53243,-0.78,-3.79,-122.84,-0.0137,-0.0661,-0.9965,1200000
53307,-0.78,-3.79,-122.84,-0.0137,-0.0661,-0.9964,1200000
53371,-0.78,-3.79,-122.84,-0.0137,-0.0661,-0.9962,1200000
53435,-0.78,-3.79,-122.84,-0.0137,-0.0661,-0.9962,1200000
53499,-0.78,-3.79,-122.84,-0.0136,-0.066,-0.9964,1200000
53563,-0.78,-3.79,-122.84,-0.0136,-0.066,-0.9965,1200000
53627,-0.78,-3.79,-122.84,-0.0136,-0.0661,-0.9964,1200000
53691,-0.78,-3.79,-122.84,-0.0135,-0.0661,-0.9963,1200000
53755,-0.78,-3.79,-122.84,-0.0135,-0.0661,-0.9963,1200000
53819,-0.78,-3.79,-122.84,-0.0136,-0.0661,-0.9964,1200000
53883,-0.78,-3.79,-122.84,-0.0136,-0.0661,-0.9963,1199988
53947,-0.77,-3.79,-122.84,-0.011,-0.0661,-0.9962,1199537
54010,-0.72,-3.8,-122.84,-0.002,-0.0662,-0.9961,1198339
54074,-0.59,-3.8,-122.84,0.0039,-0.0662,-0.9965,1196381
54138,-0.44,-3.8,-122.84,0.0051,-0.0662,-0.9968,1193564
54202,-0.28,-3.8,-122.84,0.0057,-0.0662,-0.9967,1189969
54266,-0.11,-3.8,-122.84,0.0065,-0.0662,-0.9967,1185535
54330,0.06,-3.8,-122.84,0.0071,-0.0662,-0.9964,1180261
54394,0.21,-3.8,-122.84,0.0071,-0.0662,-0.9963,1174212
54458,0.32,-3.8,-122.84,0.0068,-0.0662,-0.9962,1167310
54522,0.35,-3.8,-122.84,0.0059,-0.0662,-0.9966,1159611
54585,0.37,-3.8,-122.84,0.0064,-0.0662,-0.9965,1151097
54649,0.37,-3.8,-122.84,0.0065,-0.0662,-0.9958,1141780
54713,0.38,-3.8,-122.84,0.0069,-0.0663,-0.996,1131616
54777,0.39,-3.8,-122.84,0.0075,-0.0663,-0.9964,1120651
54841,0.39,-3.8,-122.84,0.0064,-0.0663,-0.9965,1108871
54905,0.38,-3.81,-122.84,0.0066,-0.0663,-0.9963,1096220
54969,0.38,-3.81,-122.84,0.0064,-0.0663,-0.9964,1082846
55033,0.37,-3.81,-122.84,0.0039,-0.0663,-0.9966,1068579
55097,0.35,-3.81,-122.84,0.0043,-0.0662,-0.9965,1053553
55161,0.34,-3.81,-122.84,0.0069,-0.0663,-0.9965,1037640
55225,0.34,-3.81,-122.84,0.0074,-0.0663,-0.9965,1020951
55289,0.34,-3.81,-122.84,0.0071,-0.0664,-0.9964,1003442
55352,0.35,-3.81,-122.84,0.0068,-0.0664,-0.9963,985141
55416,0.35,-3.81,-122.84,0.0057,-0.0665,-0.9963,965991
55480,0.35,-3.81,-122.84,0.0066,-0.0665,-0.9965,946034
55544,0.35,-3.81,-122.84,0.0079,-0.0665,-0.9965,925179
55608,0.34,-3.81,-122.84,0.0069,-0.0665,-0.9964,903644
55672,0.34,-3.81,-122.84,0.0058,-0.0664,-0.9964,881240
55736,0.38,-3.82,-122.84,0.0057,-0.0664,-0.9964,857902
55800,0.38,-3.82,-122.84,0.0072,-0.0666,-0.9964,833915
55864,0.38,-3.82,-122.84,0.0062,-0.0668,-0.9964,809100
55928,0.38,-3.83,-122.84,0.0034,-0.0667,-0.9963,783624
55992,0.38,-3.83,-122.84,-0.0023,-0.0667,-0.9962,758073
56056,0.38,-3.83,-122.84,-0.0068,-0.0668,-0.9962,732532
56119,0.37,-3.83,-122.84,-0.0105,-0.0668,-0.9963,706988
56183,0.37,-3.84,-122.84,-0.0146,-0.0668,-0.9963,681405
56247,0.37,-3.84,-122.84,-0.0179,-0.0668,-0.9963,655776
56311,0.37,-3.84,-122.84,-0.0174,-0.0668,-0.9963,630258
56375,0.37,-3.84,-122.84,-0.0132,-0.0669,-0.9963,604733
56439,0.37,-3.84,-122.83,-0.0111,-0.0669,-0.9963,579158
56503,0.37,-3.85,-122.83,-0.0115,-0.067,-0.9964,553509
56567,0.37,-3.85,-122.83,-0.0138,-0.067,-0.9965,527969
56631,0.37,-3.85,-122.83,-0.0156,-0.067,-0.9965,502371
56695,-0.82,-3.84,-122.83,-0.0159,-0.067,-0.9966,476831
56759,-0.8,-3.84,-122.83,-0.0137,-0.0671,-0.9965,451246
56823,-0.81,-3.85,-122.83,-0.0115,-0.0671,-0.9964,425614
56886,-0.81,-3.85,-122.83,-0.0125,-0.0672,-0.9965,400108
56950,-0.81,-3.85,-122.83,-0.0182,-0.0671,-0.9966,374991
57014,-0.87,-3.85,-122.83,-0.0267,-0.0671,-0.9964,350766
57078,-0.88,-3.85,-122.83,-0.0322,-0.067,-0.9962,327165
57142,-0.88,-3.85,-122.83,-0.0342,-0.067,-0.9961,304498
57206,-0.88,-3.85,-122.83,-0.0344,-0.067,-0.9961,282602
57270,-0.88,-3.85,-122.84,-0.035,-0.067,-0.9963,261529
57334,-0.88,-3.85,-122.84,-0.0344,-0.067,-0.9963,241211
57398,-0.89,-3.85,-122.84,-0.0344,-0.067,-0.9963,221822
57462,-0.89,-3.85,-122.84,-0.0347,-0.067,-0.9963,203180
57526,-0.89,-3.85,-122.84,-0.0351,-0.0669,-0.9963,185370
57589,-0.89,-3.85,-122.84,-0.0357,-0.0669,-0.9962,168379
57654,-0.89,-3.85,-122.84,-0.0358,-0.067,-0.9963,152210
57717,-0.89,-3.86,-122.83,-0.0353,-0.067,-0.9963,136760
57781,-0.9,-3.86,-122.83,-0.0344,-0.0671,-0.9964,122292
57845,-0.9,-3.86,-122.83,-0.0343,-0.0672,-0.9965,108606
57909,-0.9,-3.86,-122.83,-0.0342,-0.0671,-0.9964,95677
57973,-0.9,-3.86,-122.83,-0.0337,-0.0671,-0.9963,83582
58037,-1.99,-3.85,-122.83,-0.0343,-0.0671,-0.9964,72323
58101,-1.98,-3.85,-122.83,-0.0345,-0.0671,-0.9966,61856
58165,-1.97,-3.85,-122.83,-0.0332,-0.0671,-0.9967,52223
58229,-1.95,-3.85,-122.83,-0.0332,-0.0671,-0.9966,43369
58293,-1.95,-3.85,-122.83,-0.0337,-0.0671,-0.9963,35392
58357,-1.94,-3.85,-122.83,-0.0343,-0.0671,-0.9962,28211
58420,-1.95,-3.85,-122.83,-0.0352,-0.0671,-0.9964,21829
58484,-1.96,-3.85,-122.83,-0.0355,-0.0671,-0.9965,16298
58548,-1.96,-3.85,-122.83,-0.035,-0.0672,-0.9963,11548
58612,-1.97,-3.85,-122.83,-0.035,-0.0671,-0.9964,7645
58676,-1.99,-3.85,-122.83,-0.0349,-0.067,-0.9964,4542
58740,-2,-3.85,-122.83,-0.0349,-0.067,-0.9964,2272
58804,-2.01,-3.85,-122.83,-0.0347,-0.0671,-0.9965,807
58868,-2.01,-3.85,-122.83,-0.0348,-0.0671,-0.9966,154
58932,-2,-3.85,-122.83,-0.033,-0.0671,-0.9965,6
58996,-1.95,-3.85,-122.83,-0.026,-0.0672,-0.9965,-1
59060,-1.85,-3.85,-122.83,-0.0185,-0.0672,-0.9964,-1
59123,-1.7,-3.85,-122.83,-0.015,-0.0673,-0.9963,-1
59187,-1.53,-3.86,-122.83,-0.0143,-0.0672,-0.9964,-1
59251,-1.37,-3.86,-122.83,-0.0142,-0.0673,-0.9965,-1
59315,-1.2,-3.86,-122.83,-0.0143,-0.0673,-0.9966,0
59379,-1.04,-3.86,-122.83,-0.0144,-0.0672,-0.9965,-1
59443,-0.91,-3.86,-122.83,-0.0142,-0.0672,-0.9965,1
59507,-0.84,-3.86,-122.83,-0.0143,-0.0672,-0.9965,-1
59571,-0.82,-3.86,-122.83,-0.0146,-0.0672,-0.9968,0
59635,-0.82,-3.86,-122.83,-0.0146,-0.0672,-0.9969,1
59699,-0.83,-3.86,-122.83,-0.0144,-0.0672,-0.9969,-1
59763,-0.83,-3.86,-122.83,-0.0144,-0.0671,-0.9969,1
59826,-0.83,-3.86,-122.83,-0.0146,-0.0671,-0.9965,0
59890,-0.83,-3.86,-122.83,-0.0146,-0.0671,-0.9964,-1
59954,-0.83,-3.86,-122.83,-0.0142,-0.0672,-0.9965,1
60018,-0.83,-3.86,-122.83,-0.0142,-0.0673,-0.9965,-1
60082,-0.83,-3.86,-122.83,-0.0145,-0.0672,-0.9966,0
60146,-0.83,-3.86,-122.83,-0.0144,-0.0672,-0.9965,0
60210,-0.83,-3.86,-122.83,-0.0143,-0.0673,-0.9964,-1
60274,-0.82,-3.86,-122.83,-0.0142,-0.0673,-0.9963,1
60338,-0.82,-3.86,-122.83,-0.0145,-0.0672,-0.9962,-1
60402,-0.82,-3.86,-122.83,-0.0145,-0.0672,-0.996,0
60466,-0.83,-3.86,-122.83,-0.0141,-0.0671,-0.9958,1
60530,-0.82,-3.86,-122.83,-0.0142,-0.0672,-0.9962,-1
60593,-0.82,-3.86,-122.83,-0.0143,-0.0672,-0.9962,1
60657,-0.82,-3.86,-122.83,-0.0144,-0.0672,-0.9964,-1
60721,-0.82,-3.86,-122.83,-0.0144,-0.0672,-0.9964,-1
60785,-0.82,-3.86,-122.83,-0.0142,-0.0672,-0.9963,1
60849,-0.82,-3.86,-122.83,-0.0143,-0.0672,-0.9965,-1
60913,-0.82,-3.86,-122.83,-0.0144,-0.0672,-0.9967,1
60977,-0.82,-3.86,-122.83,-0.0145,-0.0672,-0.9965,0
61041,-0.82,-3.86,-122.83,-0.0143,-0.0672,-0.9962,-1
61105,-0.82,-3.86,-122.83,-0.0142,-0.0672,-0.9962,1
61169,-0.82,-3.86,-122.83,-0.0146,-0.0672,-0.9965,-1
61233,-0.82,-3.86,-122.83,-0.0146,-0.0672,-0.9966,0
61296,-0.83,-3.86,-122.83,-0.0142,-0.0672,-0.9962,0
61360,-0.83,-3.86,-122.83,-0.0143,-0.0672,-0.9963,-1
61424,-0.82,-3.86,-122.83,-0.0143,-0.0672,-0.9967,1
61488,-0.82,-3.86,-122.83,-0.0142,-0.0673,-0.9965,-1
61552,-0.82,-3.86,-122.83,-0.0141,-0.0673,-0.9962,0
61616,-0.82,-3.86,-122.83,-0.0143,-0.0672,-0.9962,1
61680,-0.82,-3.86,-122.83,-0.0144,-0.0672,-0.9964,-1
61744,-0.82,-3.86,-122.83,-0.0142,-0.0673,-0.9965,1
61808,-0.82,-3.86,-122.83,-0.0143,-0.0672,-0.9964,0
61872,-0.82,-3.86,-122.83,-0.0145,-0.0672,-0.9964,-1
61936,-0.82,-3.86,-122.83,-0.0144,-0.0672,-0.9964,1
62000,-0.82,-3.86,-122.83,-0.0144,-0.0672,-0.9964,-1
62063,-0.82,-3.86,-122.83,-0.0145,-0.0671,-0.9964,1
62127,-0.83,-3.86,-122.83,-0.0145,-0.0671,-0.9964,0
62191,-0.83,-3.86,-122.83,-0.0142,-0.0671,-0.9963,-1
62255,-0.83,-3.86,-122.83,-0.0141,-0.0672,-0.9963,1
62319,-0.82,-3.86,-122.83,-0.0144,-0.0672,-0.9964,-1
62383,-0.82,-3.86,-122.83,-0.0144,-0.0672,-0.9965,0
62447,-0.82,-3.86,-122.83,-0.0143,-0.0672,-0.9963,1
62511,-0.82,-3.86,-122.83,-0.0142,-0.0672,-0.9965,-1
62575,-0.82,-3.86,-122.83,-0.0143,-0.0672,-0.9966,1
62639,-0.82,-3.86,-122.83,-0.0144,-0.0672,-0.9964,-1
62703,-0.82,-3.86,-122.83,-0.0143,-0.0672,-0.9963,-1
62766,-0.82,-3.86,-122.83,-0.0141,-0.0671,-0.9963,1
62831,-0.82,-3.86,-122.83,-0.0143,-0.0671,-0.9963,-1
62895,-0.82,-3.86,-122.83,-0.0143,-0.0672,-0.9963,1
62958,-0.82,-3.86,-122.83,-0.0141,-0.0672,-0.9963,0
63022,-0.82,-3.86,-122.83,-0.0142,-0.0673,-0.9963,-1
63086,-0.82,-3.86,-122.83,-0.0144,-0.0674,-0.9963,1
63150,-0.82,-3.86,-122.83,-0.0144,-0.0673,-0.9963,-1
63214,-0.82,-3.86,-122.83,-0.0142,-0.0672,-0.9963,0
63278,-0.82,-3.86,-122.83,-0.0142,-0.0672,-0.9964,0
63342,-0.82,-3.86,-122.83,-0.0143,-0.0671,-0.9963,-1
63406,-0.82,-3.86,-122.83,-0.0142,-0.0671,-0.9962,1
63470,-0.82,-3.86,-122.83,-0.0141,-0.0672,-0.9963,-1
63533,-0.82,-3.86,-122.83,-0.0143,-0.0672,-0.9963,0
63597,-0.82,-3.86,-122.83,-0.0144,-0.0672,-0.9963,1
63661,-0.82,-3.86,-122.83,-0.0144,-0.0672,-0.9963,-1
63725,-0.82,-3.86,-122.83,-0.0143,-0.0672,-0.9964,1
63789,-0.82,-3.86,-122.83,-0.0144,-0.0671,-0.9963,0
63853,-0.82,-3.86,-122.83,-0.0145,-0.0672,-0.9961,-1
